CLIENTNUM,probabilidade_churn,churn_real
787482033,0.9985997224328917,1
718653333,0.9980116984016432,1
809849358,0.9977509885455438,1
816013383,0.9977271608910453,1
713027058,0.9969598493330172,1
809599158,0.9967720665268667,1
714412308,0.9962437124189119,1
709537683,0.9961305577530748,1
793608258,0.9958748651513802,1
717448383,0.9952289756551673,1
709560258,0.9945006449859651,1
708655983,0.9944122488610916,0
708266883,0.9941061757701329,1
718524783,0.9931965334553736,1
716573058,0.993184182333542,1
779310033,0.9931257465265815,1
714581358,0.9930364886004511,1
713104458,0.9926232474748108,1
709161108,0.9925848163420067,1
720551733,0.992553569176856,1
719318583,0.9923166672471008,1
710679933,0.9920368536452407,1
709711758,0.9918379943122105,1
809951133,0.9909587598546746,1
709206333,0.9907663314797814,1
720190083,0.9904508701524091,1
715570533,0.9904351993446737,1
712979133,0.9903756423981724,1
709170108,0.9903738489669871,1
714602658,0.9896947278966324,1
771422883,0.9889940193424467,1
718152333,0.9886603244104099,1
710570058,0.988655754920008,1
711232608,0.988492002146953,1
721233033,0.9880060193021104,1
711267633,0.9878596937198825,1
716315508,0.9875678000341961,1
779681433,0.9875359618241525,1
715511658,0.9870620108827788,0
708874533,0.9857435393317698,1
802460433,0.9857362650431608,1
712578933,0.9856369067896458,1
712660308,0.9856036751431227,1
718731183,0.9846507074291866,1
714294183,0.9841704194484563,1
710410158,0.9831796129301161,1
711242058,0.9824654211042536,1
718939083,0.9820572595979086,1
772073508,0.9818663469420358,1
778708533,0.9817993991596988,1
772336458,0.9816397823134481,1
710251608,0.9816194587826866,0
711935283,0.9816187860978253,1
709309308,0.9815195835938544,1
711551958,0.9806885283143464,1
719577258,0.9801173854266286,1
712157958,0.980058476516784,1
709649958,0.9795159035333549,1
708953883,0.9791181122510836,1
713114133,0.9786285537740445,1
721344858,0.9778479339214786,0
789964983,0.9775093764063938,1
713003358,0.9773813823532472,1
711801933,0.9765284452539407,1
710500983,0.9749841367444223,1
709534083,0.9739607109657725,1
779844408,0.9735319553613737,1
778908783,0.9728804618439477,0
716506083,0.9711884977945732,1
709987683,0.9700256341081634,1
719038008,0.9691232845783674,0
708373083,0.9687391203822473,1
711382458,0.9679521924779764,1
789513858,0.9665704126826943,1
790099758,0.9658887955958226,0
769396158,0.9657912540795821,1
720401658,0.9655089930579068,1
713823033,0.9646312481504525,1
716657058,0.9641398680586705,0
826709658,0.9635877829093735,1
803115258,0.9628682596145512,1
720179883,0.9627538444080023,0
708642708,0.9621809655694304,1
787665258,0.9621675440588053,1
819634233,0.962117244247861,1
714503433,0.9610770132386843,1
720827133,0.9593421004918313,1
714361083,0.9587485881955107,1
713025558,0.9582083614592766,1
779610033,0.9577654911437534,1
789560433,0.9576318826551756,1
720508233,0.9572515264417768,1
719073483,0.9568677173188362,1
755420433,0.9568095874406636,0
713253858,0.9564688486532433,1
708702258,0.9563516259685373,1
709839858,0.9561179619496933,0
789241308,0.9547231280616633,1
809811858,0.9546824428587203,1
719466558,0.9534109082569112,0
709444983,0.9530181338542817,1
713847858,0.9527873132578593,1
817108083,0.9527208299631164,1
710844408,0.951759910969117,0
719854008,0.9507304155012872,0
714443058,0.9499927024370278,1
712924383,0.9490943326101984,1
720618033,0.9488941935099224,0
795237183,0.9485991450104999,0
711816108,0.9485382672148055,1
720731808,0.9478070645785438,1
811700058,0.9477836628130245,1
713144208,0.9456610646201383,1
716875083,0.9448978595662065,0
712843983,0.9447188191622241,1
710905908,0.9430997051293328,0
770632758,0.9429139773761869,0
712562433,0.9426575899844772,1
710155158,0.9424298126114184,1
772273983,0.9416699324556201,1
714595983,0.9412456217884967,1
772000533,0.9406007844839859,0
720997383,0.9398858376372724,1
738627708,0.9390029103018432,1
786557358,0.938845346270005,0
721051908,0.9383853829628834,0
778506633,0.9376517109786465,1
709465758,0.9372936967685299,0
713347608,0.9348567754821672,1
806914158,0.934572146474492,1
721062408,0.9342913599108453,0
714477408,0.9341548722218267,1
711237633,0.9328819489066789,1
715294083,0.9328172996268088,1
779348358,0.9310605624492527,1
717195933,0.9304356698483028,1
708564858,0.92911012785637,1
794507133,0.9286604509204042,1
719358333,0.9281356610809309,0
709103358,0.9275000605486262,0
709707033,0.9267061386413599,1
713685033,0.924969430672687,1
718452633,0.9249063908280655,1
827111283,0.9242560655556188,0
716022258,0.920624457310585,1
721228308,0.9205989671540711,1
737921733,0.9192898938024067,1
808681158,0.9191508581017411,0
719091333,0.918404399361262,0
712046808,0.9182666278657756,1
713668158,0.9158039179020739,1
709547658,0.9153011230543244,1
713131158,0.9143975775572949,1
796931508,0.9139261087303239,1
714187533,0.9139184063834822,0
762020133,0.9127984693492379,1
714608583,0.9127573463757568,1
709319658,0.9122395448495542,1
712235433,0.9121361673099062,1
718342158,0.9119268090006041,1
772137183,0.9117782137459649,1
713512308,0.9087926772235587,1
720650208,0.9055083581437553,0
719881533,0.9049177918901073,1
714045783,0.9031184552885166,1
798110358,0.902612970846682,0
717502083,0.9026118517741644,1
712927383,0.9022360046911843,1
715076358,0.9020994961128166,1
713573508,0.9016096586401526,1
717580458,0.8982277947470901,1
789095958,0.8970943053997729,1
717831783,0.8956081335084878,0
713229633,0.8948217202339697,1
719123958,0.8946812638682501,1
712110333,0.8946235147305751,1
789942033,0.8945263983077577,1
716944983,0.894281867924854,0
794831733,0.8936070389925779,0
720673008,0.8933803365194193,0
767404083,0.8921675804206773,1
787565433,0.8895729035371733,0
719018208,0.8882873264745074,1
714479358,0.8876551627463752,1
715222533,0.8872642405095628,1
714945708,0.887107209166588,1
718675158,0.8866894214070318,1
713952558,0.8853812866154004,1
716107158,0.882300329852618,1
815062383,0.8821593222734851,0
826261008,0.8815720190546197,1
827055333,0.8810426121975834,0
809440008,0.8792925083199865,1
708888633,0.8791840805628727,1
789122808,0.8781150994769469,1
814459833,0.8777968334979306,0
711535158,0.877641991284625,1
712899333,0.8772152825160898,0
717042333,0.8771337569226598,1
719679858,0.8758017155043889,0
711574008,0.8742320330421673,0
716462658,0.8725207233638049,0
715162608,0.8719553659043283,1
714962658,0.8709645202148022,1
714938733,0.870374091487704,1
715050408,0.8695041802918253,0
715371108,0.8680638421617983,1
713492583,0.8622402991566549,1
716893683,0.8622148661185398,1
717489033,0.8608333594157799,1
708498033,0.8606854545352651,1
720096558,0.8602411904550904,0
712144158,0.8576884132893468,1
713533983,0.8568364733124824,0
769438608,0.8546051271838011,1
778643733,0.8533568232867497,1
710754933,0.8527901930202147,1
713134458,0.8519190745633226,0
710015733,0.8516314310323855,1
719694408,0.8512583660196644,1
708384033,0.8500833022106622,1
714006333,0.8489240774207081,1
717575958,0.8461517064554084,1
708736608,0.8453827502145376,1
793550958,0.8445085017445988,0
710813733,0.8440786065431292,0
718464258,0.8425621357550579,0
712795833,0.84004559834383,1
788979258,0.8390829526435302,0
809459733,0.8382089131014422,0
713314533,0.8354263440964504,1
712925808,0.8335669352670241,1
715547058,0.8324010845302877,1
711794358,0.8312741967557084,1
709996833,0.8307626502769104,1
771075258,0.8301433966147621,0
717074283,0.8288942799763018,1
716056158,0.8269912474365225,1
711861258,0.8268501991565188,0
802247658,0.822801809575097,1
713639058,0.8202122854742132,1
713373708,0.8201228696636249,1
721502958,0.8183700036670106,0
713696808,0.8173345758883246,1
710812533,0.8137226688094972,1
826723308,0.8136167650666469,0
710555433,0.812217578404324,1
710706558,0.8116249600223996,0
714363858,0.8107784110453748,0
720283758,0.8101004649572713,1
779916408,0.8026467838889946,0
718803333,0.8024784017644475,0
779883933,0.8012649066069546,0
709990983,0.8010847750190051,0
719519058,0.8000278272436838,1
826245858,0.7972313170056047,1
799723908,0.7971515070553268,0
720076458,0.7961707440314855,0
713188383,0.7960820757937348,0
720462633,0.7947767011568196,0
708573933,0.7944882399638623,0
812446158,0.7906067290785547,0
771429408,0.7901388414338486,0
713843283,0.7901355161506791,0
755262933,0.7896568641950099,0
714916758,0.7887271888532037,0
827476983,0.7878013488827137,1
715369008,0.7875502125337845,0
771051783,0.7873737587506493,0
779315508,0.7861670126384979,1
714311583,0.7854264581229008,0
718418958,0.7837613505349188,1
713755458,0.7834010951593053,1
709173108,0.7825191968393128,1
719737833,0.7815080269021016,0
716643033,0.7803118789374796,1
758765808,0.7802825604528395,0
771823308,0.7801216926164654,0
713796033,0.780085724338749,1
816476658,0.7779837985013187,1
714967233,0.7776698205718727,1
751450008,0.7765912352215526,0
714618333,0.7739203257520658,0
710641008,0.7739084005975512,0
711116133,0.7723340236060635,1
720128658,0.7716111685433725,1
711402333,0.7706229207627162,0
788699808,0.7704842063351705,0
713580633,0.7676787475117759,0
716987358,0.7657037329542112,1
718263108,0.7645404273066526,1
715664808,0.7620903480371757,1
788739633,0.7575908134324733,1
721265883,0.7571619861769718,0
715783758,0.7531671379692325,0
802668333,0.753044637153674,1
778386033,0.7494029651821765,0
714960408,0.749062737089072,1
714919308,0.7488962830384586,1
718921683,0.746991543697554,0
709823733,0.7466573950537186,1
785387883,0.7459427065481425,0
748503708,0.7450576231308991,0
718140783,0.7441106535884917,0
710975883,0.7434799820126301,0
821837958,0.7427989579410683,0
712589658,0.7427129358463591,0
793636308,0.7391724382178096,0
708971583,0.7379154465569292,0
770038983,0.7376563446144402,1
780006783,0.7374722573712509,1
798022683,0.7371770266328448,1
714900408,0.7361279949631526,0
711252258,0.7354228743550553,0
716354883,0.7345846805474766,1
712240083,0.7340186160903562,1
708788583,0.7329971216547039,1
711320508,0.7309571159864815,0
712071708,0.7302235561467975,0
715043508,0.7298723059054263,0
720330558,0.7295321006066648,1
787505133,0.7294321731223169,1
720621408,0.7280995184345432,0
715660308,0.7264609838828066,1
714864333,0.7255294313754638,1
714078558,0.7247468159817003,1
812979408,0.7237977358246868,1
717683583,0.7212685245090736,0
808705758,0.7206967249519347,0
807136758,0.7195271829904063,1
821149008,0.7192409187480493,1
717260058,0.718303615903794,0
821889858,0.7163082030287864,1
712010358,0.7158229749598713,1
715132758,0.7154976317846364,0
708385533,0.7149959324491993,1
778430733,0.714153956584337,0
804337233,0.7127226911518927,0
789435783,0.7119298346637618,0
717624708,0.7108518482880932,1
709230708,0.7090303108555291,0
761544333,0.7088844418169497,0
720033033,0.7069073553642417,0
713536158,0.7067683446451688,0
772706283,0.7067001477859157,0
717765183,0.7062538099515274,0
709618308,0.7040764092426381,0
715808808,0.7039944917173828,0
711615933,0.7037028390316433,0
719776608,0.70283869954332,0
795784008,0.7008681899156327,1
711039633,0.6995195122935258,0
716434533,0.6968112951127495,1
708190158,0.6953394167289912,1
711764733,0.692705059193951,0
716565258,0.6893636552671095,0
828294933,0.6883633600440723,1
721217283,0.6871571329782686,0
710736558,0.6855022953060228,0
803805483,0.6836674779853165,0
817086783,0.6835828737198683,0
715406658,0.6835028995631593,1
715898058,0.6821426863691888,0
718737708,0.6821179206038009,0
817977933,0.6819682567085972,1
716931183,0.6814107032134504,0
714091983,0.6789904889595627,0
713128833,0.6764628531792356,0
713550483,0.673059401196719,0
711349083,0.6722966402564612,0
770817783,0.6682794763611963,0
712104333,0.667902055503506,0
715956258,0.6678578820952596,0
770721858,0.6668858183966252,0
780557658,0.6665123536164461,0
712727283,0.6654515727818056,0
716739258,0.6653948572282827,0
716368008,0.6645572075788985,1
771069033,0.6634212389253388,0
757481283,0.6629921148061293,0
717561108,0.6620220585791268,0
714831033,0.6614773263464426,0
789196158,0.6613057792289411,0
788782008,0.6576540635647621,0
788808633,0.657027833073284,0
810220833,0.6549917233328932,0
720497958,0.653727973492201,0
714893733,0.6535258448793196,0
789368658,0.6532929538550537,0
787595658,0.6531003213464978,0
717657333,0.6519844006938358,0
712378983,0.6513804869892743,1
813901458,0.649882258178432,0
719118708,0.6491169856713374,1
709986633,0.6442308500768643,0
771584658,0.6438721351848918,0
716697708,0.6436975166136661,1
710411358,0.6428534433404502,1
713779908,0.641849983187386,0
794498733,0.6407130259473992,0
778747608,0.6372292557549276,0
772207683,0.6364341110706039,0
772202058,0.633211299963091,0
710819733,0.6308092580000231,1
807141183,0.6304909880677525,0
720062508,0.6267814226183176,1
709879458,0.6259536177946594,0
755996583,0.6246481178692689,1
757527033,0.6227186933221238,0
779809908,0.6207645932504379,0
712765158,0.620692676390807,0
780384483,0.6191157568002533,1
817142433,0.6190639633077564,0
779521533,0.6148065531257089,0
788812608,0.6133580994759957,0
709108533,0.6133114675412539,0
711029358,0.6117167928388386,0
783554958,0.6114647541275009,0
718244958,0.6088515331039337,0
820353558,0.6081732069515293,0
712165308,0.6029839269452285,0
713172408,0.6020667927352076,0
789144633,0.6003664160073416,0
711809283,0.5963641304076144,0
772360683,0.5962543970784462,0
711146358,0.5961814434569338,0
711326583,0.5953011072176823,0
711657783,0.5939529038144392,0
718011783,0.5930208201886957,0
709793133,0.5925305677197804,0
711873033,0.5917642611324543,1
709213458,0.5916278326510502,1
788386908,0.5910471494565418,0
716378658,0.5890384092445942,0
716939358,0.5872352287602426,0
708298233,0.5868953908207147,1
712627083,0.5845540307022077,1
721532583,0.5822715823893323,1
780237033,0.5809663074073163,0
789212883,0.5807502428706106,1
720264783,0.5804297566029617,0
788761608,0.5778485922877533,0
721448283,0.5771536070211623,1
720597108,0.5770802610687858,1
720413658,0.5769308237749828,0
811571733,0.5767410887738399,0
778425408,0.569487920174683,0
816829608,0.5692937581656468,0
717906783,0.5690708308406444,0
717208833,0.5677173461753727,1
708496833,0.5661065380557175,1
709485033,0.5608550621745618,0
719686458,0.5607934141365405,0
809818008,0.55990201436748,0
779331558,0.558874830027982,0
713879283,0.5586603155617539,0
738062658,0.5574050012614132,0
719953383,0.5553022852894982,0
818926833,0.5549759288773566,0
716800908,0.5534822773143201,0
716329383,0.5520259471912244,1
788618208,0.5495154002399376,0
817197333,0.5483473922328193,0
719816583,0.5468631493208896,1
717185658,0.5460689486637715,1
710854008,0.5442133456578644,0
717234183,0.5441460323251097,0
753220383,0.5417905226940528,1
779895108,0.5402740346265695,0
818929158,0.5372254161184985,0
716460933,0.5362882077115628,0
721032633,0.536171152963823,1
714573258,0.5348679135981882,0
719513733,0.5343059371391742,0
721427358,0.5332385198774376,1
714217908,0.5321107391254988,0
769053033,0.5316097105731856,1
714100008,0.5294806718997164,1
710202783,0.5290434347306353,0
788122533,0.5279351537964418,0
816078708,0.5261294167028965,0
709278258,0.5236420446618788,1
770647233,0.5234643007626572,0
809292483,0.5230011782696794,0
720659283,0.5197595831777975,0
822084333,0.5181535431486624,1
785119833,0.5179364451209747,0
720904233,0.5164748228788608,0
714426783,0.516250940086171,0
767333808,0.5151869272793012,0
771976683,0.5133176166906926,0
789611283,0.5113660611989749,0
789398733,0.5111860295916605,0
712390683,0.5108068739633583,0
716277558,0.5106879514533972,0
711122958,0.5105212032765799,1
779656908,0.5101998139622292,0
787581858,0.5048054446443379,0
712612233,0.5040524916052621,0
718486608,0.5003513626618928,0
710005683,0.5003144067873232,0
789167658,0.49960711463058183,0
779548008,0.49783144613009345,0
794682483,0.49350195318307405,0
720521808,0.49117687368636914,0
778968408,0.48969700610607,0
771061008,0.4873783869327847,1
709747308,0.48669163747724925,0
805259733,0.48646802665002237,0
794665608,0.4862939286365474,0
820587258,0.4827710123509389,0
716971833,0.48148784549116025,0
789983133,0.4810173665246512,0
780511683,0.4804192289464608,1
708553008,0.4794549552156138,0
712475733,0.47730645364455093,0
711838008,0.4768517723005249,1
717628608,0.476157695627227,0
708931908,0.4758278279921149,0
712532058,0.4753950767011972,0
712721358,0.475340242462959,1
715034358,0.4752246958268349,0
780201633,0.474464217784042,1
754886958,0.47402673744624235,0
771431133,0.4726372315769,0
766006758,0.4726236021325893,0
712405908,0.4723762764925608,0
711480108,0.47133434695349474,0
720539583,0.46967728243070894,0
772687983,0.46730423445380664,0
768687183,0.4652442189382927,0
781306758,0.46447815554354394,1
827360883,0.46268719243953016,0
716851908,0.46201286300097405,0
709592808,0.4587561398153969,0
779353083,0.45716674416811576,0
768728508,0.45714791299788504,0
708637758,0.45603822468202504,0
789594108,0.4536988470002838,0
718345233,0.453005503439488,0
814593858,0.452138204716379,0
709473708,0.45208386546824747,0
778894233,0.4483888029281992,0
714148758,0.4478534323598914,0
719781183,0.4471831884511544,0
715941633,0.446410644455148,0
716297658,0.4452863055927838,0
778228458,0.4438329979770005,0
779296908,0.44094093744541096,0
720776508,0.4402895775008892,0
709554483,0.44000066439043817,0
709005633,0.43612425879703837,1
717030633,0.43599139487871225,0
716136333,0.43596555498885214,1
717500133,0.4356454713573188,0
713231658,0.4337996929428933,0
719671383,0.43136887990415,0
708319908,0.42878771255238163,1
809825358,0.4274975481577935,0
711370458,0.4271420039647276,0
719206308,0.4260869528533336,0
709738008,0.42350668591471957,0
712805658,0.42192247659286775,0
710749458,0.4204621471228843,0
789690483,0.4193851926778231,0
766273533,0.4189787215917872,0
718490658,0.41873682637002263,0
716101308,0.41771840291790663,0
721282908,0.41691996081564925,0
779037408,0.4138404071227293,0
715424283,0.41332600342201126,0
708123033,0.41275889541328814,0
812222208,0.41031462418393794,0
718777008,0.40972635299844784,0
719601708,0.4095114282483064,0
779340183,0.4091638900384314,0
719661558,0.40855514872880644,0
772539558,0.40839816315621436,0
767058183,0.40774300210453546,0
720648483,0.40740614473947573,0
779241783,0.4073128510938214,0
713422083,0.4070833742513044,1
721500108,0.4054025009774201,0
710342508,0.4051352543495782,0
788943333,0.40407844590718084,1
716045508,0.40379290767458087,0
715958583,0.40318026329916945,0
709220583,0.4019418817213298,0
821168733,0.40160325965887433,0
714700158,0.4013881279027583,0
779016408,0.4011433830105952,0
713639958,0.3997273601202426,0
719554758,0.3992710833348619,0
788912658,0.39889703344752564,0
769985883,0.3979100864735645,0
708334158,0.39763967322173793,0
816843933,0.3959835715614617,0
789197508,0.3956532351023505,0
712128258,0.3953741255909324,0
778885158,0.39407164853690524,0
799026633,0.3923636093147453,0
720064158,0.39141106002313286,0
787475433,0.3908688194950898,0
719022558,0.3902757617922477,0
713061558,0.389587987833011,0
797169633,0.3895327425098695,0
710277183,0.3889307223394473,0
712948383,0.3872001982455065,0
709275558,0.38654606225490734,0
716682258,0.38645188164988414,0
709009833,0.38619667868546576,0
719514783,0.38577884058976675,0
717180633,0.38232372350980065,0
773383158,0.3795171787458515,0
714574083,0.3790155183735906,0
711750183,0.37849148595114807,0
711427458,0.3744054402318841,0
788259558,0.37324523613822647,0
708754833,0.37304805830635873,0
710289783,0.372389007567874,1
789907533,0.3712064517620475,1
719359458,0.370945192735346,0
719593608,0.37068191258725425,1
716549058,0.36792568557118294,0
826068183,0.36702542106542574,0
712340733,0.3653428975558337,0
718866633,0.3648308513054709,0
772288758,0.36436462209955384,0
788719533,0.3640911451346936,0
713352183,0.3636363896565287,0
773297508,0.36172113280012896,0
713686008,0.3599849019938023,0
718661958,0.3597033978852763,0
712164333,0.35917735588066824,1
710872233,0.35857853690548136,0
793456983,0.3582356544278506,0
719629308,0.3579895064141342,1
710790258,0.3562100348439209,0
720770883,0.35543435056839534,0
708404883,0.3542788264964804,0
721315233,0.35413339928250004,0
710849208,0.35310374219511825,0
718162908,0.3528057278103015,0
754443033,0.35163313209009206,1
771952683,0.3498807054276539,0
720714933,0.3497418961122997,0
788791383,0.34953316130777784,0
717866133,0.3484828580543804,0
711866358,0.3471040203242436,0
774437583,0.3448979098849189,0
708387933,0.34384956640563985,0
720662508,0.34356574671420526,0
793597833,0.34285726561356444,0
719019483,0.3428256071237206,0
709678608,0.34273818056748356,0
717389433,0.3410997931285436,0
772776033,0.34069202041250235,0
773146383,0.3405468459844341,0
709120008,0.33982205405251226,0
789022233,0.33961715651558505,0
714524583,0.33956145451747854,1
710810883,0.33893757127654234,0
769574883,0.33861182921834704,0
710636208,0.3378988378869819,0
797414733,0.33768936456824644,0
808747233,0.3369379839681251,1
788772708,0.33634319556898484,0
719170683,0.335827829489721,0
795855258,0.33268034976779615,0
708536283,0.33259566358850856,1
717076458,0.33257225402576873,0
711113958,0.3305101067106769,0
717482658,0.3291932638720273,0
801715383,0.32815468693897154,1
715799808,0.32777057115593544,1
710424408,0.3276831546761401,0
712902483,0.32736718615389965,0
716870583,0.3272420320978448,0
795232683,0.3246278295992008,0
715870758,0.32451784777780673,0
810545733,0.32252129000371704,0
806824908,0.32240205984194276,0
714286383,0.32080809845809755,0
717661908,0.3207917579474861,0
772426383,0.31818414950549007,0
721374033,0.3174989716880444,0
717585858,0.3166935243611794,0
714052158,0.3164896367921249,1
720927183,0.3160297676154884,0
718958583,0.31478559030559017,1
712579983,0.31442015601984735,0
714435408,0.31430932082358903,0
712411908,0.3135104745574497,0
718640508,0.31289824310032016,0
708902883,0.3104842238841977,0
709007883,0.3095540421463389,0
719876808,0.3094750273662633,0
710218233,0.3093076986330456,0
712867983,0.3086448762533628,0
718576908,0.3079144752187918,0
778837083,0.3076245847983006,1
720198183,0.30609981878582837,0
712291308,0.3059133200964115,0
713257083,0.30519769612798225,0
708997833,0.3048434224401571,0
826061508,0.304358431762105,0
715680933,0.30403536386884694,0
708358683,0.30358933085688145,0
712965183,0.30281405019177526,0
717678408,0.30269954028061385,0
817245183,0.3019236628031604,0
784719708,0.2994193582038705,0
794562783,0.29682197842892255,0
713325108,0.2967757130205551,0
792864858,0.2952252631810777,0
756065433,0.2941977327682173,0
721179708,0.2941400725937401,0
788896983,0.2938956614774376,0
787659483,0.2935240879244711,0
710404533,0.2930080857215195,0
708928908,0.29155544695890906,0
719806233,0.2910508145488831,0
759584958,0.28865016731205106,1
708212658,0.28829344492723047,0
816312633,0.28794017643904474,0
744483633,0.2879201264976981,0
789539058,0.2865389070022129,0
756736008,0.28646468971403055,0
717724233,0.28533819370309893,0
717203958,0.28463183118651264,0
719385558,0.283387062377197,0
714759708,0.28280547369771586,0
813213558,0.2827489782954069,0
778973658,0.2824516670003694,0
713008308,0.2819666432097809,0
816091608,0.2807355236503729,0
711600033,0.2802717904086707,0
714781908,0.280242182283774,0
710893533,0.27974902847746874,0
753795633,0.27813111452843986,1
778933983,0.27807003534283653,0
755273658,0.27778208663230197,0
738899658,0.2771740997559766,1
710638233,0.2742239451839652,1
709446783,0.2739699840431139,0
789481233,0.2736657234119225,1
719634408,0.2724493134816431,0
716878533,0.27176554474172987,0
720415833,0.2692647832034781,0
716285358,0.2690873763298742,0
719666283,0.26898256902791573,0
709453833,0.26887221809387146,0
803335008,0.26876374579842416,0
717787533,0.26681603664716874,0
711017433,0.2667650988362963,0
708723858,0.2667461464468059,0
737925558,0.26668975720555493,0
772339383,0.26521599561880965,0
715765758,0.2649906888245097,0
717491058,0.2626759647834376,0
717517758,0.2624681608569969,0
717177783,0.26128660725934405,0
755953308,0.26081380864119014,0
720244983,0.260113468719303,0
721165608,0.2599490612048474,0
708908883,0.2597491753475432,0
708451233,0.25957353226127405,0
712434708,0.2595707046347077,1
715022133,0.25925145436405495,0
789494133,0.25876117951535327,0
717915783,0.2587117314312823,1
789307833,0.2585568876068848,0
714320358,0.25827520072412136,0
771903033,0.25816573446320595,0
710745633,0.2577869595341331,0
710927733,0.2574165693247052,0
711655683,0.2574097459987916,0
825767658,0.256985427245082,0
717321783,0.2559211973108964,0
717171408,0.2559172946758232,0
719719158,0.25495058305779295,0
771982083,0.25490024624793933,0
708473133,0.25470419123165206,0
717403158,0.2545972550682497,0
708331758,0.2543136978311519,0
783561558,0.2538507935631575,0
720964683,0.25370417812182317,0
772684833,0.25346803256106065,0
708761733,0.25320534979648956,0
721183983,0.2523047986523456,0
799486158,0.2522110949739284,0
717623583,0.2514230883940499,0
719026383,0.2503787515894123,0
779608083,0.2495315798952896,0
709625733,0.24945348588546382,0
715311183,0.24819780634243668,0
708829758,0.24697773972161696,0
708705783,0.24671343633376908,1
716159958,0.24575153861719723,0
803963808,0.24570920673683427,0
709919283,0.24443580609507154,0
769463433,0.24429098848949546,0
709752183,0.24372877444907043,0
710061783,0.2435219413945896,1
717513933,0.2432895111003351,0
717656433,0.24298421674586537,0
718328283,0.2428303672757911,0
713094483,0.24281331170005332,0
753233733,0.24108805034036018,0
715029333,0.24094164307695873,0
814181433,0.24030409825597399,0
713105508,0.240220625313392,0
711521958,0.23995772160381376,0
714358008,0.23964795665565228,0
810856833,0.23964349625739007,0
712288158,0.2386033455479496,0
716516208,0.23842818692123174,0
720040158,0.23782080655968915,0
787514433,0.23622553094532575,0
794514108,0.23615352960071453,0
713356833,0.23558954990244627,0
718415133,0.23549094403154672,0
708396033,0.23453373588854623,0
716948283,0.2338972556660233,0
711724083,0.23307446209878274,1
717464958,0.23293953182347332,0
743912958,0.2328503584725625,0
779727558,0.2323861063616461,0
713630733,0.2316411390084115,0
815826708,0.23122375539877368,0
714243408,0.23075170969041195,0
782802033,0.22982055919852334,1
713287608,0.2294579437336236,0
713133258,0.2292121906712942,0
721181883,0.22918141529814562,0
712835433,0.22863186713736292,0
721232058,0.227841171861672,0
720924633,0.22774074462311966,0
710702733,0.22745152446380143,0
717016833,0.22621958401065717,0
789469083,0.2256459210620554,0
712025958,0.22542251128981747,0
826168083,0.22477628990174567,0
812218908,0.22463574316594834,1
710135058,0.22460135114865237,0
720236433,0.2244872602715202,0
787723758,0.2234353472976128,0
779198133,0.2234033248206218,0
717135333,0.22238186582861585,0
710697408,0.2221420726738482,0
717013383,0.22144284790944516,0
719739108,0.21915335034870775,0
714615258,0.21880391912364178,1
780126033,0.2185541040469053,1
720494058,0.2183828488335706,0
711112683,0.217744945856318,0
709363383,0.21681997845438705,0
714035283,0.21651245254417528,1
718020408,0.21565127835128792,0
778231983,0.21549558550647066,0
719061933,0.21363078767871616,0
714168183,0.213145990087347,0
718504983,0.21033418603029067,0
801728658,0.21031942630149342,0
749067633,0.21010728985725774,0
788832033,0.20987533005107595,0
806189658,0.20934022811286318,0
720863133,0.20815531847084875,0
794496033,0.2076670277940701,0
736145283,0.2071964804272,0
710014683,0.2070845386800849,0
805282908,0.20587708875002106,0
716768808,0.20498153987694814,0
795844983,0.20467464387487277,0
794843883,0.20421667831248766,0
708397008,0.20394124384863999,0
779400183,0.20352280690678,0
827631483,0.20340377653994615,0
779514558,0.2031039862553918,0
716645883,0.20299969329538484,0
817908783,0.20273528487418016,0
754671558,0.20137940113023667,0
717073308,0.2011912923646088,0
713151258,0.20112831771159878,0
720707283,0.20087099395053373,0
712361583,0.20056501663016532,0
718451133,0.20015186874100688,0
715215108,0.19967817436543675,0
716864733,0.1995935417209978,0
714011358,0.19929404348480123,0
794675058,0.19899047278076556,1
716004258,0.1986929315085023,0
713905608,0.1979011715304028,0
714199983,0.19768742835371242,0
719628033,0.19699847095280207,0
720683958,0.1968207057204966,0
780056733,0.19627655348943496,0
708974283,0.19603339347706206,0
788038383,0.1954709111516941,0
717991533,0.1953275808899432,0
720050208,0.19475326257792838,0
720712533,0.19131586340879198,0
715321008,0.1909521251501589,1
708158133,0.19044550613001635,1
708938508,0.1903473044067753,0
721212258,0.18959250123143181,0
720212508,0.18957186065483217,0
717211608,0.18921372404363415,0
711594858,0.18914149781833597,0
780203883,0.18912681940157636,0
809797158,0.18908785297226452,0
716438433,0.18908383995531408,0
714840858,0.18782411244665526,0
710428308,0.18782223076184434,0
721163133,0.18753111967608768,0
780349833,0.1872938622369662,0
780657708,0.1857686380744437,0
771488583,0.18570148484324758,0
807964908,0.18561259927409243,0
789530208,0.18417568498165923,0
709530408,0.18380393850890342,0
816596583,0.18374979948927017,0
773257233,0.1835704546153741,0
708727983,0.1834622095228368,0
820848408,0.18278931520030292,0
778882758,0.18244988827743217,0
778574283,0.18230508274893928,0
712489158,0.18166944530395102,0
713600958,0.18070088391762457,0
716319258,0.18057160129872446,0
712863183,0.18054420127623136,0
789666333,0.18011452690414062,0
709219533,0.1798214955796854,0
780064983,0.179260579466972,0
710725383,0.17835165696671512,0
709487058,0.17821050559593588,0
721486908,0.17785238042252557,0
711343233,0.17739521214060544,0
717856983,0.17679558217933594,0
716138958,0.17663885400096954,0
787623858,0.17604687683653206,0
779187783,0.1760313985867139,0
807161508,0.17585992451939197,0
790048158,0.17577387063263558,0
721349883,0.1757002880005511,0
712881483,0.1743109898805206,0
712214283,0.173294667501321,0
797743233,0.17234718317547312,0
815484783,0.17182805260537776,0
717658758,0.17110948147984187,0
819151083,0.16981053945578425,0
719964933,0.1694411699488753,0
758211483,0.16920236455150228,0
714069858,0.16800498695785948,0
788771733,0.16758373050830067,0
778853358,0.16659325759051813,0
719722308,0.16581876691877614,0
716365233,0.16578190186171474,0
756639708,0.16556596709604487,0
712428333,0.16542580577801966,0
772565883,0.1653202579496727,0
708403308,0.16456283090678178,0
712238958,0.1644705879676627,0
717192933,0.1643550413417894,0
794124708,0.1634163481634189,0
715442958,0.16322342870720755,0
712141683,0.16318363123024457,0
783361533,0.16296698704228255,0
709040508,0.16284837967064958,0
715732533,0.16159367620758391,1
715921758,0.16112957777639292,0
711679533,0.16074436739981635,0
719294433,0.16073280980241647,0
716924958,0.1604649751084005,1
751518633,0.1603418666988729,1
715102308,0.16027819782045394,0
813905508,0.1601360324780699,0
778172583,0.1596466134576484,0
714621183,0.15952697299048588,0
719898108,0.15882601223656337,0
713000058,0.15872965161477418,0
710084883,0.15809755301706746,0
713934633,0.15786651438950086,1
719337408,0.15777084185656085,0
718301508,0.15757928351519546,0
719469333,0.15755384183288987,0
715008858,0.1574289973065867,0
708160008,0.15735690256258636,0
714548733,0.15686904717786637,0
716210283,0.1567312827582486,0
721210158,0.1567213927657918,0
794576058,0.15605541574838033,0
714909108,0.15602000589427126,0
709984083,0.15557153282376776,0
709104333,0.15536904628602036,0
713047608,0.15514716844758059,1
787480158,0.15511325075684806,0
717390408,0.15493288442362396,1
708382083,0.15471062380984563,0
778679883,0.15446076079962048,0
712521783,0.1543923820556499,0
711126483,0.15438267592087537,0
765692658,0.15405246249441829,0
779773533,0.15398631788358136,0
717327783,0.15367748944099724,0
709822008,0.15366069137420615,0
709816158,0.15349866214694563,0
769892058,0.15336540540273425,0
711379083,0.15322777145673772,0
798140283,0.15305698707957374,0
714005508,0.15240169238713858,0
789556533,0.15219342188245746,0
713924283,0.15215830246428397,1
714933783,0.15209168533321613,0
826414083,0.1512199184782243,0
718994583,0.15073018415746164,0
713761608,0.15065095179154095,0
715942683,0.15014351385724564,0
710856558,0.149915630643979,0
789151983,0.14983976989713854,0
713656308,0.14955065107395057,0
715479483,0.14940989093834417,0
789625383,0.1488507950399419,0
714531108,0.1485114155522726,0
708390633,0.14845246417692007,0
719855958,0.14789482539433627,0
710462433,0.1475595859228589,0
756658083,0.1469716530646896,0
719117433,0.14677627539961977,0
711000933,0.14575642117710091,0
713597658,0.14522164156704945,1
809296308,0.14520346805595116,0
718979733,0.14393453485688862,0
713396358,0.14340841731313358,0
780602733,0.14335388227463458,0
716742483,0.1429427342671434,0
716930133,0.14287752254261388,0
803652633,0.1426357863121025,0
710529708,0.14240484506207268,0
711762408,0.14211434380254803,0
710401458,0.14182429324210002,0
713758758,0.1416883554052588,0
818993508,0.1414230701289331,0
769035933,0.14123641093868047,0
788741733,0.14107545287304424,0
780529908,0.1408883329328205,0
771682533,0.14023326053780868,0
712644483,0.1401922095268852,0
708205083,0.13982126156551614,0
716511483,0.13981743873940972,0
815015283,0.13963906729681394,0
719282433,0.13933141976035718,0
710453283,0.13931429984365373,0
720252858,0.13909159478845165,0
808796208,0.13874518082123197,0
710635083,0.13801229828447945,0
713241033,0.13785395124891114,0
719445633,0.13743338337886246,0
709679658,0.13740643130081615,0
714147858,0.137251661896577,0
714754533,0.13692266009493478,0
753226158,0.13666363716010224,0
720384633,0.13634334915420204,0
769911858,0.13620522346511796,0
757594083,0.1361545557977083,0
720075558,0.1350826456086657,0
780374133,0.13458090755420213,0
716988633,0.1342994696358549,0
712545183,0.13390674362724933,0
709937583,0.13356257035110053,0
718123608,0.13314943060493656,0
719474583,0.1329571208106041,0
714304458,0.13243252326609567,0
718521258,0.13187837521487744,0
771336783,0.1318012751293166,0
710637183,0.13118880850183526,0
718161708,0.13098855898743322,0
715545933,0.1305857155473174,0
789218433,0.13035644930326432,0
801709308,0.13015017697925538,0
709367433,0.1299602916002091,0
789599283,0.12993044147566188,0
779612808,0.12906839949803187,0
815596608,0.12793723667217646,0
721398858,0.1277190390259883,0
713828208,0.12738576805665291,0
708543258,0.12694597563620735,0
711728208,0.12635399824065544,0
713700258,0.12593576527565242,0
804601833,0.12417620037289592,0
720973833,0.12371621399085,0
710507733,0.12244231862939603,0
792524358,0.12224822514203025,0
718699683,0.12220736878946867,0
718870158,0.12196886251487941,0
787578183,0.12170918368966963,0
718252533,0.12160852907373006,1
827423433,0.1211425718636465,0
720034983,0.12060545653178678,0
711947358,0.12015636944650936,0
720339558,0.11983333913442863,0
708890133,0.11944398650008776,0
714425283,0.11926114111476237,0
715694433,0.11900586199479198,0
712420833,0.11863943961957131,0
714647808,0.11838989676649349,0
711315783,0.11804297451452476,0
789180933,0.11794742957110621,0
714767508,0.1179084060683754,0
710363433,0.11780316257567167,0
719531133,0.11759277581959571,0
766821033,0.11725264038385783,1
788911458,0.11706042893361349,0
711985833,0.11701256969619665,0
711339258,0.11686349019066884,0
819214233,0.11681541794296978,0
718739508,0.1165504944321155,0
712710708,0.1163176048148531,0
794530608,0.11572811966825276,0
717296808,0.11519746663107405,0
709716258,0.11490509464408892,0
718227033,0.11445458795365614,0
795155433,0.11422336407146619,0
712019883,0.11377675018486803,0
819997983,0.11374757292100529,0
718441308,0.11332412440841942,0
811721133,0.11300639527528342,0
720046458,0.11273382556016869,0
708899283,0.1127302831850203,0
817188408,0.1124791794926382,0
718528008,0.11239792236859701,0
788990508,0.11213085941393097,0
789466008,0.11183727972709956,0
713809833,0.11167274287123449,0
716610558,0.11112937343497038,0
719813058,0.11101967640317512,0
778224858,0.11042859165168535,0
718399233,0.11035459258244223,0
780253533,0.10965021132945617,0
708271833,0.1094770929665527,0
716366208,0.10932548371045896,0
714536208,0.10930295964688445,0
714046608,0.10919516475349314,0
811970808,0.10892114217295551,0
711305208,0.10890039946542988,0
787563858,0.1087509667347653,0
771852483,0.10869156634492529,0
721055058,0.10843602933594676,0
711649908,0.10842354478662651,0
712410858,0.10835484397843176,0
714418158,0.10832341387890959,0
710763783,0.10828584962490397,0
768848658,0.10818973064585413,0
708753633,0.10809824589774503,0
794664183,0.10808367758226975,0
778686408,0.10785811058207707,0
718540308,0.10733989056314186,0
710475408,0.10726488107202087,0
716635758,0.10707093844960382,0
716609433,0.10641063222495374,1
717975333,0.10589592339833483,0
709150608,0.10584991879682176,0
739021908,0.10550318140332511,0
790108908,0.10510407509974662,0
711272058,0.10502869519960435,0
709087983,0.10487615605889374,0
715915458,0.10445179642327033,0
826065258,0.10440300316039478,0
719147208,0.10408690262467961,0
772105608,0.10361047120630021,0
715459158,0.10355261336542625,0
796170933,0.10336346689233149,0
711658758,0.1031937858613123,0
812501358,0.10313404426999899,0
712549758,0.10253158759353335,0
710106933,0.10246319679340463,0
713876958,0.10201696148924434,0
779305008,0.10193608206754967,0
712828533,0.10166360985790243,0
716574033,0.10163460369423048,0
709985133,0.10138951273071582,0
719826333,0.10134423673607526,0
789023508,0.1007311707988517,0
717141858,0.1007258034396917,0
788997408,0.10051270539914187,0
709979583,0.10028646189022428,0
711041508,0.09995051814516033,0
708722583,0.09980851766594166,0
787492908,0.09932109538347224,0
708129933,0.09885437611085715,0
712177908,0.0985147906128729,0
798047583,0.09851030228952665,0
771507258,0.09800642276577931,0
721434483,0.09800611396198683,0
721005108,0.0976306649945546,0
789362058,0.09757525910094718,0
708272808,0.09753856811820677,0
715235808,0.0975272231942638,0
714616308,0.09733956383456277,0
713976258,0.09693063823743908,0
716736858,0.09685538097246615,0
712820208,0.09655761435912173,0
772725408,0.09629578490899675,0
779942808,0.09622325142688025,0
789903708,0.09613781728043833,0
718146258,0.09577660930801396,0
711164508,0.09566752873010782,0
718038483,0.09564433037581425,0
716498883,0.09559851182387609,0
719944458,0.09526888318057908,0
772640808,0.09502832663595223,0
709952658,0.09438076058332362,0
820383558,0.09406527538345892,0
711942783,0.09400564591891618,0
718205283,0.09395411827444346,0
709212183,0.09383739454965326,0
711783483,0.09372535139125578,0
714970458,0.09361728144416766,0
710926383,0.09340904567709206,0
710795883,0.09333223993469333,0
719453283,0.09301329238413111,0
771224358,0.09270625300906982,0
769578108,0.0919650124505088,0
711863433,0.09192496940201875,0
720443358,0.09141802133482915,0
823578483,0.09111637054906258,0
709913733,0.0903971167457566,0
710822808,0.09007461541623886,0
708712833,0.08967147434048799,0
708332808,0.0896676795634003,0
802101858,0.08883369585550033,0
718303683,0.08854275938085719,1
779118708,0.08835203516730772,0
720486408,0.08829417377419292,0
711766758,0.08824893362720485,0
717965808,0.08792136935233791,0
772036233,0.08746409178790597,0
788752833,0.08741168323384194,0
711064008,0.08723486430496576,0
717060858,0.08711273275908141,1
717127083,0.0870350043178412,0
772248408,0.08637846471167124,0
716345283,0.08617290773738734,0
720897783,0.08532593151740032,0
714835833,0.08516714014674395,0
718996758,0.08516070759178285,0
719490108,0.08419169414756605,0
711422358,0.08380488044769074,0
720608658,0.08376255936420073,0
713733633,0.0833874819845364,1
718357458,0.08294783132818678,0
770746908,0.08288048258208904,0
778459833,0.08286160916795692,0
718291233,0.0828330396138544,0
779783508,0.08262161481950007,0
809068983,0.08233569450626362,0
714211533,0.08210896884026311,0
712730583,0.08207977540243248,0
780942633,0.0819681029864185,0
720674133,0.0818927382686693,0
779598183,0.08173009523185619,0
709443633,0.0816802900409038,0
715153158,0.08140306763970004,0
789143283,0.08127772511669025,0
753118533,0.08116263095087246,0
751283658,0.0811373757850876,0
708542283,0.08095734235541058,0
769935783,0.08089593290907508,0
712815858,0.08085765082288868,0
826079508,0.08075043060577543,0
714228558,0.08054387559092013,0
715347783,0.08035256294554038,0
720449208,0.08030366911165136,0
713339283,0.0801025167791803,0
719654283,0.07975409999672958,0
711676008,0.07974547891775323,0
817035108,0.07942865918983408,0
771886233,0.07875984657207324,0
714030183,0.07874889432077704,0
720980958,0.0787321956557432,0
717626508,0.0786765632738627,0
813234108,0.07775574021874403,0
772139433,0.07765035623590166,0
718947558,0.0776065751120904,0
716831508,0.0775366880456213,0
797668983,0.07709810800120304,0
720689583,0.07692305848537567,0
709272333,0.07691133300812661,0
709545333,0.07689314419329929,0
716142858,0.07680161106730878,0
716773533,0.07620967785100216,0
794293908,0.0756980422414666,0
718927533,0.07569593402471415,0
753208833,0.07560201375043049,0
711278283,0.07558912919845706,0
788709408,0.07525773432009546,0
719268333,0.07508500479898088,0
817970208,0.07468528804557173,0
788802483,0.0746147592324328,0
790017858,0.07410065832673374,0
716311683,0.07407782265612434,0
820108008,0.07340562496366337,0
780653208,0.07326277855463997,0
758833758,0.07312850174643158,0
716093133,0.07307694683776306,0
789271533,0.07302933029677175,0
809320908,0.07288189103675986,0
712091433,0.07260000133088014,0
780497958,0.07248174292420279,0
709157133,0.07243117178890336,0
710295858,0.07241368445132824,0
720422358,0.07223786511665388,0
779486433,0.07200505010570003,0
714652383,0.07187985766567115,0
778895883,0.07177054549497061,0
711720408,0.07154177011823988,0
789491058,0.07132756894664483,0
717843783,0.07119942591755014,0
708104658,0.0711423108018897,0
713181558,0.0711293729196506,0
772313358,0.07106060364998126,0
819002508,0.07100197443076708,0
817293258,0.07099429289487007,0
718692258,0.07082306103568803,0
711992133,0.07019340832969821,0
711377808,0.06993454013867677,0
716981358,0.06956549142871371,0
785515533,0.06903476745410533,0
778180158,0.06895894255366733,0
708770883,0.0683424011647228,0
712866933,0.06826442098350573,0
772323033,0.06817246764552988,0
720101658,0.06814861438943341,0
711371208,0.06766833837242127,0
713975433,0.06765015410734332,0
715554708,0.06764382571097187,0
806889633,0.0674324434363524,0
771359958,0.06727628040748693,0
793616883,0.06710946245071166,0
717207408,0.06662050750096658,0
714155283,0.06617573204459984,0
719400108,0.06580815944047809,0
824789283,0.06580190435176467,0
794191008,0.06534865465298477,0
778346283,0.06506030959953844,0
769720683,0.06466350449422659,0
710904708,0.06462167008325662,0
719971458,0.06448672583115457,0
817337958,0.06410373122779951,0
719804208,0.06395475506081882,0
779661033,0.06366190701214833,0
711392508,0.06357969762387675,0
720595083,0.06343440483759101,0
817988433,0.06337278421637543,0
714842208,0.063070762089034,0
804847308,0.06305547610222469,0
821339433,0.06286921597214266,0
714076683,0.0628370747712459,1
716546283,0.06280884693479333,0
710229333,0.0626820766152543,0
710676483,0.06264127611594349,0
710297133,0.06247488011297043,0
711478233,0.062253479557350805,0
757753083,0.06223360691476494,0
719125158,0.06220534261847334,0
714222183,0.0622053188350405,0
719583558,0.06185202060207751,0
714427608,0.06146723023125659,0
710188308,0.06112815695606541,0
712302783,0.061011847036625454,0
720585183,0.060879370539999964,0
717483558,0.06076335368404066,0
778567983,0.06047730684621945,0
714250908,0.0604714499919999,1
716013858,0.06042258611367303,0
718530258,0.06039152485857138,0
713995233,0.060070351504101435,0
711670308,0.05999807529031502,0
715098333,0.05979088104738417,0
716586408,0.0594628365711351,0
782548758,0.059335301145477075,0
716891583,0.059250858181595145,0
714389058,0.0591258360233877,0
713567958,0.05856496158524532,0
711978858,0.05826546454873028,0
716222808,0.05823667501982526,0
714917583,0.05796963039601941,0
717521508,0.057902850680241,0
709008708,0.05742810697270674,0
797410983,0.05730485468991983,0
805458933,0.057236863853631116,0
783910008,0.05647385346582912,0
715378383,0.056467116859876036,0
769189083,0.056450608787011594,0
708361833,0.056423324681569714,0
779405133,0.05641631101969132,0
789407958,0.05628440529037534,0
789485433,0.05602658876536353,0
788830683,0.0559533374249856,0
767269908,0.05544411695596486,0
709343433,0.055270399570402036,0
771058908,0.05496851912638782,0
827683383,0.05473162783232498,0
711831558,0.05471996984434165,0
788715483,0.05460324348484666,0
717382608,0.0545643705547417,0
713343333,0.05440178906197583,0
715341858,0.05421589706304737,0
789791808,0.054087856457667234,0
713183508,0.053686160866910956,0
712256358,0.05367706005685356,0
716793108,0.053395069972622465,0
779725833,0.05335330109392642,0
714811533,0.05289442742258659,0
771356508,0.05278846648363656,0
749571633,0.052729253316843944,0
787543008,0.05262357977567999,0
789540108,0.05220486537052035,0
793015083,0.052030503897313625,0
815812683,0.051756947086986,0
778921908,0.05170304670034739,0
716481408,0.05132674270062852,0
716535408,0.0510429752574359,0
709624533,0.050864709481212696,0
710888883,0.0506638729834438,0
714847983,0.05043195740640552,0
713036208,0.050013382574302614,0
713070033,0.04996073142936939,0
717050883,0.049882113793020315,0
793379058,0.04968968322215406,0
771201408,0.04950459274631731,0
720724008,0.04936558057964865,0
720247158,0.049245880459241574,0
710838108,0.04913522495533225,0
717241233,0.04895738106132726,0
766381908,0.048914238052251674,0
711008508,0.04888564944023218,0
771471708,0.04865046856623018,0
813967983,0.048344121670993424,0
712470033,0.048216163254849134,0
790006383,0.04781964926301909,0
708525108,0.04758942547611856,0
787669233,0.047372996561151036,0
715363908,0.0473012847225188,0
715992558,0.04711951699995533,0
719532108,0.046939314394902676,0
717609633,0.046931705840768376,0
712412958,0.04688604322130121,0
709861008,0.04688341574899434,0
717995958,0.04670223770733574,0
770956158,0.04664409453944507,0
787539333,0.046551582486250145,0
778573233,0.046453631362426674,0
713227233,0.04644252471374465,0
710691633,0.0463252062311146,0
710831133,0.0460893494048466,0
757722708,0.04558728380806614,0
711397533,0.04557648064457969,0
767687208,0.04556638456149209,0
716371308,0.04544284417186124,0
719484408,0.04513117965786362,0
715315008,0.04498857145857301,0
715774833,0.04489666416175412,0
711968358,0.04458875288133557,0
797638383,0.04445296402206268,0
717819633,0.044395425509310305,0
715398858,0.04437081284351137,0
789101883,0.04426155937225656,0
715354008,0.04390223038374006,0
757167633,0.04384056924390652,0
797166633,0.04349527454185994,0
770985633,0.04336092053362643,0
711153783,0.043232771506286426,0
714317058,0.0432322536112927,0
708907833,0.04308368266581509,0
803421108,0.0430824621258712,0
718893333,0.0430030777852061,0
709410033,0.042561745648850666,0
779342958,0.04209054447409635,0
710971908,0.042089117756486875,0
779662308,0.041827050828453255,0
716225433,0.041722597401790754,0
718899708,0.0416207352207909,0
710968008,0.041588944365093014,0
780684933,0.041489147309557266,0
716604633,0.041425119196404334,0
802449933,0.041280972569849285,0
720299283,0.04092113821116299,0
807523008,0.04054145894815859,0
719848008,0.04030341837625718,0
717359208,0.040273166485534515,0
772082208,0.04023286213723206,0
719334408,0.0402153639459231,0
711069483,0.040213072378451384,0
720467583,0.04019851067623332,0
717443658,0.040185533340175036,0
780076833,0.04012997043238947,0
779803008,0.04012084993124946,0
721269108,0.04009114604858621,0
713254983,0.03999601977286001,0
717273333,0.039960884808246694,0
710563458,0.03989169129842138,0
827114058,0.03975400271927323,0
711388458,0.03963307777187287,0
719990358,0.03953675525163562,0
720992883,0.039479416061861394,0
720029508,0.039317088788386904,0
815515158,0.039119780470367266,0
716437533,0.039065240376156926,0
817240833,0.03903651421767031,0
716951658,0.03899302228003132,0
708680583,0.03894045039085435,0
808981608,0.038921206312777804,0
771499233,0.03888101979004454,0
714957108,0.03868588400784151,0
713782608,0.038629222422819874,0
708244458,0.038552850122951246,0
789523683,0.03852696019302504,0
720292983,0.038432730668562225,0
721139808,0.038340833951403704,0
708826158,0.038147200159152066,0
711964533,0.03793230643203564,0
713977308,0.037911439422301185,0
711208083,0.037738832804171306,0
716470683,0.03754898708499878,0
715519983,0.03745975618684203,0
721220583,0.03742726079195322,0
719801508,0.03734661966278973,0
720729108,0.037265774580423704,0
717271983,0.0372405253996167,0
789827208,0.03695131633196543,0
804437658,0.03682757935504848,0
771204108,0.03658928285122162,0
788864508,0.03656584546923386,0
758824608,0.03655965990015121,0
713579733,0.03653055750570985,0
715007583,0.03625854810606437,0
771669183,0.0361944107498709,0
721164483,0.03608426216876198,0
718951683,0.03608026180142667,0
797998158,0.03606144802852889,0
740784258,0.03594416675327202,0
710825658,0.035871541304767836,0
711191808,0.03582228530728653,0
709701558,0.03581662773803271,0
710273658,0.035520905323859445,0
719344608,0.03528014448275831,0
788246958,0.03520468739125702,0
820268358,0.03517293082372087,0
709523508,0.035122462967757236,0
816315558,0.03503233254651569,0
770778108,0.03492717485419573,0
716756133,0.034784640101834595,0
714259533,0.03468901952810408,0
810493458,0.03461141525564296,0
788820933,0.03454882294280106,0
780727833,0.034522554132207936,0
720419358,0.03449826568019127,0
816615633,0.0344644946023275,0
717895833,0.03431899306273073,0
716545383,0.034044044684534515,0
715413483,0.03403364665386666,0
716385033,0.033838947029858325,0
713249883,0.03377334107489741,0
717109983,0.03352058577840313,0
708657033,0.033473129056472636,0
713401758,0.033387846395510005,0
789231858,0.03316146200670332,0
778486008,0.03310288682024449,0
719391783,0.032865437746990814,0
711635358,0.03282650984443701,0
712208658,0.032750738368895936,0
712774908,0.03267377618562805,0
789309558,0.03257927739428883,0
712374708,0.032408774383886695,0
715345833,0.032296092463295956,0
717600483,0.03226911062195891,0
790082508,0.03222528061375043,0
721171008,0.03217959767700422,0
720008133,0.0320326430539521,0
716032233,0.03197324842719703,0
721424583,0.031897615193269974,0
787605558,0.031891673580236916,0
779536233,0.031873790423073006,0
797238108,0.03162779711775906,0
711557508,0.03142824944944677,0
789990333,0.03140941105354681,0
710797833,0.03134316665175685,0
709175208,0.031248866298338337,0
771453033,0.031227540246753782,0
708615183,0.031004302043004497,0
721113333,0.03099065595829094,0
709061658,0.030846701355318983,0
808753758,0.030827415496962208,0
711360783,0.030786223574298745,0
718026858,0.030702243069351872,0
716249508,0.030383717106312373,0
771020133,0.03027350615175584,0
718379358,0.030252933271184057,0
715710708,0.03016350575746579,0
721147383,0.030073219800865268,0
827888433,0.02986335546018852,0
712060158,0.029859326603635394,0
713850783,0.02983509481513944,0
769927533,0.029784406379983735,0
772116408,0.02951492296074482,0
786087633,0.029406450589080285,0
718178583,0.02918937714521703,0
819109308,0.029171140377971975,0
715503558,0.029157323824665453,0
798546408,0.028842680967055855,0
778984383,0.02878563845926609,0
718811058,0.028785044309848063,0
779643858,0.028756152478116213,0
715435758,0.028678821066053784,0
711589758,0.028646088834514832,0
719153433,0.028577752879730058,0
718795083,0.028436218233880945,0
719523108,0.028284311595881278,0
784819758,0.02825311662564342,0
770878458,0.028243902967525523,0
721121283,0.02816748911200559,0
714121983,0.02800708837723634,0
721506708,0.027956269196115817,0
719729433,0.027886398894736972,0
813338733,0.02782028445092096,0
771464808,0.027767541684900414,0
769676358,0.027558608928364585,0
711109908,0.02740766570929366,0
788610258,0.027396337782559645,0
709749483,0.027393770107005107,0
812488608,0.027363615188382744,0
709243533,0.027311851538023176,0
708098133,0.02706731110278514,0
715629783,0.02694925004744844,0
780336258,0.026906175200352007,0
779601783,0.026800401596595688,0
788957358,0.026715517252926174,0
718489608,0.026632344220764943,0
779327733,0.026278587940505495,0
718926258,0.02624845488432693,0
719192808,0.02620796799308289,0
708588408,0.02618500710288892,0
817382958,0.02616087331826988,0
718503108,0.02613986504445734,0
717189183,0.026107975695177508,0
717954333,0.026039121952686223,0
711263058,0.025933407378684357,0
716461683,0.025695935600257517,0
714247458,0.0256356389819979,0
811467708,0.02556739077655463,0
789871233,0.02555551570377716,0
712714008,0.02531334888417047,0
711647808,0.025165455059529475,0
742552683,0.02511502852518029,0
787532808,0.02502855937743368,0
826513233,0.025026878047069073,0
819690933,0.02500830320659894,0
718828083,0.024874320600077812,0
716805408,0.024750693222272108,0
789859833,0.024588380007368068,0
715746633,0.02454273725448656,0
717446208,0.02446027124419334,0
711216933,0.024269380085956586,0
788826408,0.024250897094063556,0
715797783,0.024202737807062804,0
720837708,0.024168944249453077,0
719354433,0.02415594906832733,0
811713408,0.024126706146247668,0
719291283,0.024072025581613282,0
824915208,0.024014638387165433,0
789363408,0.024002026427457822,0
710719683,0.023950734809419096,0
713798958,0.023938726427969584,0
788687133,0.023890266662853224,0
718875483,0.023616425023022837,0
788595183,0.02360519754402998,0
808279158,0.023462138918970293,0
719838558,0.023377226542029124,0
710794983,0.023151129831903032,0
708846183,0.023124443779805177,0
712319058,0.02307997359320476,0
716430933,0.02307976316824718,0
719136183,0.02303900873194298,0
721305408,0.022920957820633654,0
788770908,0.022915150889853086,0
717376758,0.02261183676549521,0
718471758,0.02258174516830976,0
719782458,0.0224856591148373,0
801064833,0.022476201505274306,0
713971608,0.022466194325601804,0
822112383,0.022404225016969766,0
708511983,0.02237520882671816,0
718677858,0.022258528212109326,0
719570733,0.022232865409658808,0
715908558,0.022181043394377587,0
771592458,0.02211301026525661,0
796544133,0.022020676813240086,0
716303583,0.02201242076249707,0
714753258,0.021899644323919623,0
713418558,0.021892259531298964,0
709231683,0.021776278239339735,0
718267233,0.021734928606788096,0
709607733,0.021450313073303313,0
789744033,0.021289826111719562,0
714296358,0.021181395897643347,0
712011633,0.0211199358087549,0
718570158,0.020713105087038317,0
709288383,0.020654126584878404,0
772216833,0.02032946120264731,0
795573333,0.02020242631464812,0
817089408,0.020108113049733485,0
713709258,0.019845531061134642,0
715880283,0.019782330501048672,0
709938708,0.019765417820537947,0
717384183,0.01972313910078196,0
710159658,0.019477828689122532,0
812618883,0.019441052540077233,0
819977058,0.01937532399884145,0
712507758,0.019284762170283486,0
789185508,0.01926224367713047,0
718583133,0.019244180743356078,0
710464683,0.01920544452932331,0
789804933,0.01901213228634447,0
771935283,0.018891661119551845,0
789717708,0.018862404285586595,0
711577458,0.01883099774151721,0
711148308,0.018784199215253778,0
797241108,0.018740389968413908,0
807157833,0.018656182841538096,0
714839808,0.018596355042587366,0
783121008,0.018538883249595347,0
714284358,0.018504750716410626,0
713701533,0.018473182379792327,0
709841433,0.01845822789529679,0
714882258,0.01836715244805886,0
771630783,0.018066876016747266,0
709791333,0.017998546554713852,0
715019883,0.017950504697691872,0
720254883,0.017907108383422785,0
713916708,0.01788586938062198,0
806908608,0.017851515387735356,0
790149483,0.017801069798280805,0
709477233,0.017668501197793375,0
779442783,0.01747595619041458,0
708757233,0.01734864438778996,0
779412783,0.017242353150959202,0
773332908,0.01719230097497212,0
711183558,0.01710981473495938,0
718337733,0.01709413852718462,0
712290258,0.017052424268511404,0
715932708,0.01700846213466116,0
713985183,0.01694925596407866,0
718665933,0.01688982420712486,0
789526458,0.016877392571834543,0
718282983,0.016608111616039114,0
719724933,0.01653027837140452,0
814571058,0.016440645259870892,0
710723958,0.01610312652982003,0
718645308,0.01601796459897635,0
718032483,0.015974747191350586,0
787472283,0.01596480451969495,0
788252358,0.01595939255249551,0
717444558,0.01582620904886037,0
708254733,0.0158220945163557,0
709950858,0.015774877013297862,0
720031908,0.015709374701797087,0
788930358,0.015663548605833185,0
827408058,0.015644229688804665,0
771400608,0.015484290490413876,0
718586133,0.015343113684392383,0
709257708,0.015227584901325128,0
710544033,0.015190236824781855,0
718394658,0.01518790022648706,0
708670608,0.015093243052387996,0
712682583,0.015025606849958833,0
709965858,0.014937478904963442,0
717182883,0.014858974055385537,0
789097833,0.014771216438394998,0
820085808,0.014447217731512002,0
718596858,0.014441433225259636,0
709449333,0.014395070244767568,0
789582483,0.014388361989766757,0
714113658,0.014328358240092902,0
711648708,0.014226905478732609,0
714533058,0.014211619270939337,0
715174158,0.014198613293693506,0
718957083,0.014193422027559443,0
713675658,0.014050629828246538,0
715964058,0.013989837711473737,0
716094333,0.013885219398174766,0
716230158,0.01384687636239035,0
710986758,0.013727863166545524,0
789238683,0.013695840306215347,0
778170633,0.013668428296280082,0
718320933,0.013658985820585954,0
779403558,0.013452573896104311,0
711294258,0.013381377521031442,0
810868758,0.013369482345205186,0
712423233,0.013359980363684777,0
801385458,0.013338517119886378,0
794485158,0.013187780304092796,0
709901058,0.013143047852432012,0
754872333,0.013049751474167256,0
711004533,0.013007930016316296,0
713205108,0.01298515177915102,0
788667408,0.012927917562342406,0
817958733,0.01289598926126161,0
708269583,0.012895763089581711,0
715518783,0.012884097866918838,0
713010483,0.012854970834113865,0
819752133,0.01276960418221653,0
710207208,0.01264750215754385,0
712952283,0.012620506212008583,0
720249183,0.012601376147881255,0
720836808,0.012543317115545616,0
714643983,0.012437830246431627,0
717355533,0.01226298657326404,0
787591008,0.012163408395879264,0
713935533,0.012100095417618634,0
720840108,0.01201123398795184,0
721028283,0.011921077957347809,0
717823383,0.011893088890419354,0
790164408,0.011862050822832744,0
719857008,0.011795429598981874,0
716350008,0.011751900063297007,0
711220683,0.011604920502625802,0
712112733,0.011520170250366247,0
712253058,0.011464299471752766,0
712181658,0.011446509087453087,0
717972408,0.011348680556518399,0
780277458,0.01131717379886549,0
712096758,0.011310243282319823,0
739317558,0.011295824673130065,0
716263533,0.011092884925630304,0
714869958,0.01107648429505712,0
778356408,0.011059528521565517,0
772231233,0.011006502770757674,0
712988958,0.010937669458195964,0
771081558,0.010589659451941852,0
710310108,0.010557362038669266,0
712619808,0.010554038984081946,0
769577358,0.010499704289849962,0
756571983,0.010431037887147507,0
721399833,0.010354021798188479,0
779210283,0.010340491987883017,0
710595783,0.01021376402536894,0
779707308,0.010211186085690117,0
786546783,0.010162072954326652,0
708886533,0.010126161741990613,0
804428958,0.010080533981084364,0
708245808,0.010069442702025222,0
720510333,0.010056620901931134,0
798558783,0.01004259274114573,0
806989008,0.009920483998309786,0
720782658,0.009865242408912454,0
720708183,0.00967936541629913,0
826451433,0.009652161453391477,0
708469533,0.009622176939808704,0
778873608,0.009558702001908193,0
720753183,0.009489963773889313,0
779324358,0.009471785043291032,0
714943233,0.009466957792365012,0
817144458,0.009443168458238928,0
720210483,0.009388557886968204,0
772661808,0.00938116982497732,0
712637283,0.009237205439358217,0
771881283,0.009133177516072592,0
808756458,0.009077709734655432,0
767114958,0.008989487753155964,0
756598833,0.00874907915205336,0
718477983,0.00856959955672162,0
713177808,0.008471797234113922,0
711781233,0.008257600821218992,0
780200208,0.008245400444575836,0
770135358,0.008154454095853319,0
714234858,0.008119311888885056,0
709411383,0.008095836167281935,0
710482533,0.008076228149257732,0
718286658,0.008035502866170318,0
718009158,0.008031557948781453,0
712801758,0.007833360208859724,0
708393633,0.007755247240851281,0
718466883,0.007700695556618397,0
752944533,0.007674219003605133,0
721513833,0.007583432989135944,0
720769533,0.007552050461435748,0
772063308,0.007489349573179752,0
711516783,0.007467885561496981,0
716512383,0.00745658339437729,0
718755483,0.007434800401157873,0
712642533,0.007433979716908004,0
802878408,0.007404145225328358,0
721247883,0.007272472232140017,0
717865008,0.00726330842206764,0
713111883,0.007188443318735561,0
716860233,0.007173193219140008,0
717099408,0.0071613760080570495,0
709372608,0.007023011229026935,0
712319958,0.007015262707782076,0
780638958,0.007001713790302567,0
720437358,0.006979103270513626,0
710303208,0.006964256183093464,0
719413383,0.006957740284342695,0
710770383,0.006924943587774076,0
771228183,0.006722691188361302,0
801056358,0.006689505420912278,0
712996833,0.0066537129566937745,0
826717533,0.0066031060424603626,0
720281508,0.00651089038311086,0
788327358,0.006482578980921537,0
788966958,0.006364446859526209,0
716780283,0.006341455672462303,0
714557583,0.006289235721096227,0
714971583,0.006270240895561865,0
789025083,0.006236791949705062,0
720286908,0.006221626142570373,0
810986883,0.006169185405634702,0
712659408,0.006155168178266954,0
710456658,0.006037004352487385,0
794581533,0.005999740987659913,0
714400308,0.00590613449412779,0
798011733,0.005838519224849144,0
713363583,0.0057984946173102086,0
789304983,0.005691560486906067,0
779116158,0.005681233238801802,0
789430083,0.0056698038358088424,0
713808633,0.005611844458306603,0
781297983,0.005581746404704641,0
714277758,0.005572738824257868,0
713652783,0.0055689449578748594,0
713374533,0.005518821982840921,0
715601808,0.005508871705125452,0
720205608,0.005240999278076782,0
712865583,0.0052398892483952264,0
719216508,0.005235228460748318,0
717405408,0.005192501485780743,0
771040758,0.005091703456770182,0
799700208,0.005066208299851529,0
779217333,0.00505979101648248,0
778377183,0.005026973825293963,0
716019333,0.0049542616916992775,0
713152383,0.004904972097402398,0
716171358,0.004881568106242887,0
721115733,0.004838463759873323,0
778255083,0.0048338678281143205,0
789325008,0.0048315321772521725,0
708635058,0.004802433931733441,0
711553308,0.004785682937474449,0
708338958,0.0047745907523213185,0
713653983,0.0046904169937146386,0
708710283,0.0046317304930504465,0
716513358,0.00458813443051851,0
815104608,0.0045529124258738415,0
710512833,0.004389236237765089,0
780373233,0.004373589071854406,0
778420383,0.004353132198347069,0
809937933,0.0043137815216961915,0
717023508,0.0042778115374130276,0
809425533,0.004269018268774924,0
714738858,0.0042500754997822875,0
713476758,0.004236300660707356,0
718188858,0.004183951202015679,0
713904708,0.004172639023434055,0
712557708,0.004152844666552298,0
709666908,0.004135466344069225,0
816756783,0.004103184932657696,0
711391308,0.0040755991533174205,0
716626008,0.00403906182241465,0
713453733,0.004032227673277224,0
789105183,0.004027837976130494,0
713884458,0.003950865884052474,0
712814658,0.0038956012376159897,0
708560733,0.0038586508975132013,0
721514883,0.0038245830207277024,0
788797983,0.0038136411335253123,0
717478983,0.003789429433244711,0
716102583,0.0036699392807851053,0
801508383,0.0035585183995162127,0
715233108,0.0035112930165499883,0
716332533,0.0034971482375783574,0
718212633,0.0034627012138669167,0
714407058,0.003401148698769371,0
717085983,0.0033821347221597692,0
710744433,0.0033572524640552302,0
715571583,0.0032415992145858608,0
712840608,0.003219801538558409,0
717112533,0.003150202543781896,0
803587533,0.003142688739445875,0
780865308,0.0031222603041707606,0
708721533,0.0030733801792432306,0
768949983,0.003061892134175682,0
717797658,0.0030559493584138473,0
713236458,0.003027622457346634,0
720844008,0.00300923040386966,0
709106358,0.0029278900336318584,0
713948808,0.0028884717468678476,0
717830583,0.0028124715770036415,0
715572783,0.002799206796712975,0
719265108,0.0027670426190462795,0
801786483,0.0026700716508332276,0
708286683,0.0026478901307843785,0
712084383,0.0024137151789968042,0
805453908,0.0023552113962105816,0
709479558,0.00235254815883715,0
717400533,0.002321195442328284,0
718984533,0.0022866993907861327,0
720411183,0.002215104323132881,0
708402333,0.0021724332972522108,0
710086308,0.002010313900316182,0
716176683,0.0019570165693518628,0
717890583,0.001781541863637862,0
800869758,0.0017691690090451263,0
790123983,0.0016533408648674447,0
708147108,0.0016195339941648859,0
710982858,0.0015345595574697186,0
801037833,0.001342204149418503,0
718373658,0.0009883260129870991,0
813961233,0.0009794780667233538,0
737967708,0.0008993699078135041,0
720015183,0.0007957530349586513,0
710268858,0.0007634332358235202,0
708303108,0.0006724383075489725,0
784868958,0.0005967002099679678,0
789541458,0.0005583637233255042,0
718611333,0.0002804030229320228,0
